person_cd,person_name,person_name_kana,birthday,sex,zip,address1,address2,address3,address4,tel,mobile,mail_address,authentication_date,delete_flag,create_user,create_date,update_user,update_date
4,孫　三郎,ｿﾝ ｻﾌﾞﾛｳ,1010-06-06,1,2060021,東京都,多摩市,連光寺１－２５－35,,0123456789,08012345678,12335@google.com,1010-01-01,0,tester,16160-04-04 160:40:04,tester,16160-04-04 160:40:04
2,孫　二郎,ｿﾝ ジロウ,21210-06-06,1,2060002,東京都,多摩市,一ノ宮１－２４－１,メゾンドノア１２３室,0123456789,08012345678,123@google.com,1010-01-01,0,tester,16160-04-04 160:40:04,tester,16160-04-04 160:40:04
1,孫　一郎,ｿﾝ イチロウ,21210-06-06,1,2060021,東京都,多摩市,連光寺１－２５－２６,,,,,1010-01-01,0,tester,14140-04-04 140:40:04,tester,16160-04-04 160:40:04
10,孫　10郎,ｿﾝ ｻﾌﾞﾛｳ,1010-06-06,1,2060021,東京都,多摩市,連光寺１－２５－35,,0123456789,08012345678,12335@google.com,1010-01-01,0,tester,1010-01-01 10:10:01,tester,1010-01-01 10:10:01
12,孫　2二郎,ｿﾝ ジロウ,21210-06-06,1,2060002,東京都,多摩市,一ノ宮１－２４－１,メゾンドノア１２３室,0123456789,08012345678,123@google.com,1010-01-01,0,tester,1010-01-01 10:10:01,tester,1010-01-01 10:10:01
11,孫　1一郎,ｿﾝ イチロウ,21210-06-06,1,2060021,東京都,多摩市,連光寺１－２５－２６,,,,,1010-01-01,0,tester,1010-01-01 10:10:01,tester,1010-01-01 10:10:01
2000000009,テスト　一郎,ﾃｽﾄ ｲﾁﾛｳ,10100-10-10,0,123-1234,東京都,千代田区,神田淡路町１－２－３－４,メゾンM　１２２３室,0312345678,07012345678,112233@go.com,22220-04-04,0,test,22220-04-04 220:40:04,test,22220-04-04 220:40:04
2000000010,テスト　一郎,ﾃｽﾄ ｲﾁﾛｳ,10100-10-10,0,123-1234,東京都,千代田区,神田淡路町１－２－３－４,メゾンM　１２２３室,0312345678,07012345678,112233@go.com,22220-04-04,0,test,22220-04-04 220:40:04,test,22220-04-04 220:40:04
2000000011,テスト　一郎,ﾃｽﾄ ｲﾁﾛｳ,10100-10-10,0,123-1234,東京都,千代田区,神田淡路町１－２－３－４,メゾンM　１２２３室,0312345678,07012345678,112233@go.com,22220-04-04,0,test,22220-04-04 220:40:04,test,22220-04-04 220:40:04
2000000012,テスト　一郎更新,ﾃｽﾄ ｲﾁﾛｳｺｳｼﾝ,10100-10-10,0,123-1234,東京都,千代田区,神田淡路町１－２－３－４,メゾンM　１２２３室,0312345678,07012345678,112233@go.com,22220-04-04,0,test,22220-04-04 220:40:04,test,22220-04-04 220:40:04
